{
  "model/models-dbg.js": 1607760335144,
  "Component.js": 1607763961975,
  "model/models.js": 1607760335144,
  "controller/CAPEX_WF_CustomTaskUI.controller.js": 1607760335148,
  "manifest.json": 1607764337266,
  "manifest-bundle.zip": 1607764337005,
  "Component-preload.js": 1607764337223,
  "Component-dbg.js": 1607763961975,
  "controller/CAPEX_WF_CustomTaskUI-dbg.controller.js": 1607760335148,
  "i18n/i18n.properties": 1607760335144,
  "resources.json": 1607764337269,
  "view/CAPEX_WF_CustomTaskUI.view.xml": 1607764299089,
  "css/style.css": 1607760335144,
  "index.html": 1607763251404
}