{
  "Component-dbg.js": 1612405729008,
  "Component.js": 1612405729008,
  "model/models.js": 1607760335000,
  "controller/CAPEX_WF_CustomTaskUI.controller.js": 1612405742960,
  "manifest.json": 1612405771740,
  "manifest-bundle.zip": 1612405771495,
  "Component-preload.js": 1612405771685,
  "controller/CAPEX_WF_CustomTaskUI-dbg.controller.js": 1612405742960,
  "model/models-dbg.js": 1607760335000,
  "i18n/i18n.properties": 1607760335000,
  "resources.json": 1612405771744,
  "view/CAPEX_WF_CustomTaskUI.view.xml": 1607764299000,
  "css/style.css": 1607760335000,
  "index.html": 1607763251000
}