{
  "resources.json": 1611642869190,
  "model/models.js": 1607760335000,
  "manifest.json": 1611642869186,
  "controller/CAPEX_WF_CustomTaskUI.controller.js": 1611642854091,
  "Component.js": 1607763961000,
  "manifest-bundle.zip": 1611642868898,
  "Component-preload.js": 1611642869139,
  "model/models-dbg.js": 1607760335000,
  "controller/CAPEX_WF_CustomTaskUI-dbg.controller.js": 1611642854091,
  "Component-dbg.js": 1607763961000,
  "i18n/i18n.properties": 1607760335000,
  "view/CAPEX_WF_CustomTaskUI.view.xml": 1607764299000,
  "css/style.css": 1607760335000,
  "index.html": 1607763251000
}