{
  "welcomeFile": "/index.html",
  "authenticationMethod": "route",
  "logout": {
    "logoutEndpoint": "/do/logout"
  },
  "routes": [
    {
      "authenticationType": "none",
      "csrfProtection": false,
      "source": "^/Northwind/(.*)$",
      "destination": "Northwind",
      "target": "$1"
    },
    {
      "source": "^/bpmworkflowruntime/(.*)$",
      "target": "/$1",
      "service": "com.sap.bpm.workflow",
      "endpoint": "workflow_rest_url",
      "authenticationType": "xsuaa"
    },
    {
      "source": "^(.*)$",
      "target": "$1",
      "service": "html5-apps-repo-rt",
      "authenticationType": "xsuaa"
    }
  ]
}